"speed_main","flow_main","week","speed_ngh_432","year2011","year2012","year2013","year2014","year2015","year2016","year2017","year2018","year2019","hour7","hour8","hour9"
113.96,2095,9,111.92,0,0,0,0,0,0,0,0,1,0,0,0
108.32,3005,41,88.8,0,0,0,0,0,0,0,0,0,1,0,0
106.68,693.1,52,102.29,0,0,1,0,0,0,0,0,0,0,0,0
103.22,3239,5,94.43,0,1,0,0,0,0,0,0,0,1,0,0
110.34,1755.79,17,104.59,0,0,0,1,0,0,0,0,0,0,0,0
49.11,3252,16,82.97,1,0,0,0,0,0,0,0,0,0,1,0
114.67,2923,1,109.08,0,0,0,0,0,0,0,1,0,0,1,0
105.13,3021,26,96.06,1,0,0,0,0,0,0,0,0,0,0,1
86.44,3332,5,89.7,0,0,0,0,1,0,0,0,0,1,0,0
108.69,2973.82,29,101.66,0,0,1,0,0,0,0,0,0,1,0,0
114.09,3063,29,107.62,0,0,0,0,0,1,0,0,0,0,0,1
89.91,3423,41,87.39,0,1,0,0,0,0,0,0,0,0,1,0
51.14,3079,6,86.48,0,0,0,0,1,0,0,0,0,0,1,0
112.78,2984.48,32,104.33,1,0,0,0,0,0,0,0,0,0,1,0
112.89,2054,46,108.71,0,0,0,0,0,0,1,0,0,0,0,0
62.39,3465,47,86.99,0,1,0,0,0,0,0,0,0,0,1,0
114.16,3312,24,107.66,0,0,0,0,0,0,1,0,0,0,0,1
109.34,2937,7,98.37,1,0,0,0,0,0,0,0,0,0,0,1
99.4,1098,51,93.9,0,0,0,0,0,0,0,0,0,0,0,0
101.58,3192,50,92.45,1,0,0,0,0,0,0,0,0,1,0,0
108.5,2675.12,30,100.61,0,1,0,0,0,0,0,0,0,0,0,1
108.03,1606,50,103.66,0,0,0,1,0,0,0,0,0,0,0,0
105.57,3275,10,86.83,1,0,0,0,0,0,0,0,0,0,1,0
112.99,3360,16,108.25,0,0,0,0,0,1,0,0,0,0,0,1
77.15,3088.47,20,67.09,0,0,1,0,0,0,0,0,0,1,0,0
109.86,2870,34,102.34,0,1,0,0,0,0,0,0,0,1,0,0
114.82,2142,19,110.54,0,0,0,0,0,0,0,1,0,0,0,0
114.82,3453,18,109.79,0,0,0,0,0,1,0,0,0,0,1,0
106.06,3400,23,99.66,0,1,0,0,0,0,0,0,0,1,0,0
103.1,3417,17,94.84,1,0,0,0,0,0,0,0,0,1,0,0
112.24,2823.6,31,102.35,0,0,0,0,0,0,0,0,0,0,1,0
54.16,3273,15,81.84,1,0,0,0,0,0,0,0,0,0,1,0
105.95,3392.07,25,101.4,0,0,1,0,0,0,0,0,0,0,1,0
82.39,3291,1,73.81,1,0,0,0,0,0,0,0,0,0,1,0
113.85,1952,5,109.73,0,0,0,0,0,0,1,0,0,0,0,0
111.13,1573.45,39,106.37,0,0,1,0,0,0,0,0,0,0,0,0
109.89,1559,4,106.8,0,0,0,0,1,0,0,0,0,0,0,0
105.88,3408.81,8,94.65,0,0,1,0,0,0,0,0,0,1,0,0
109.94,1675,49,103.63,1,0,0,0,0,0,0,0,0,0,0,0
112.62,2582,1,107.43,0,0,0,0,0,1,0,0,0,0,0,1
109.96,1716.61,14,105.49,0,0,1,0,0,0,0,0,0,0,0,0
111.26,1537.63,26,107.38,0,0,1,0,0,0,0,0,0,0,0,0
116.04,1934,42,110.05,0,0,0,0,0,1,0,0,0,0,0,0
115.81,1975,25,113.15,0,0,0,0,0,1,0,0,0,0,0,0
105.68,3300,16,97.7,0,0,1,0,0,0,0,0,0,0,0,1
110.46,1672,14,102.73,1,0,0,0,0,0,0,0,0,0,0,0
115.28,2043,26,108.21,0,0,0,0,0,0,0,0,1,0,0,0
109.1,1874,15,101.69,0,1,0,0,0,0,0,0,0,0,0,0
115.45,2022,12,110.59,0,0,0,0,0,0,1,0,0,0,0,0
91.23,3283,7,90.32,0,1,0,0,0,0,0,0,0,1,0,0
114.78,2702,32,109.08,0,0,0,0,0,1,0,0,0,0,0,1
114.54,2278.78,31,106.14,0,0,0,0,0,0,0,0,0,1,0,0
107.24,3331.03,25,100.01,0,0,1,0,0,0,0,0,0,1,0,0
51.6,3143.79,41,85.16,0,0,1,0,0,0,0,0,0,0,1,0
116.09,2427.27,34,111.63,0,0,0,0,0,1,0,0,0,0,1,0
116.19,1839,52,111.17,0,0,0,0,0,1,0,0,0,1,0,0
112.83,2206,20,110.41,0,0,0,0,0,0,0,1,0,0,0,0
111.22,1586,7,104.74,1,0,0,0,0,0,0,0,0,0,0,0
101.67,3197,47,85.96,1,0,0,0,0,0,0,0,0,1,0,0
107.6,1430,36,101.54,0,0,0,0,0,0,0,0,0,0,0,0
110.57,1649,46,104.58,1,0,0,0,0,0,0,0,0,0,0,0
116.4,2095,3,108.9,0,0,0,0,0,0,0,0,1,0,0,0
52.01,3404,4,85.56,0,0,0,0,1,0,0,0,0,0,1,0
42.11,2978,6,80.62,1,0,0,0,0,0,0,0,0,0,1,0
114.51,1919,39,109.87,0,0,0,0,0,1,0,0,0,0,0,0
106.92,3018.18,28,100.25,0,1,0,0,0,0,0,0,0,0,0,1
111.04,1569,46,104.17,0,1,0,0,0,0,0,0,0,0,0,0
27.9,3046,36,62.48,0,0,0,0,1,0,0,0,0,0,1,0
109.26,2578.97,36,102.49,0,0,1,0,0,0,0,0,0,0,0,1
107.49,2626.32,30,102.29,0,0,1,0,0,0,0,0,0,0,0,1
106.03,3442,7,93.26,1,0,0,0,0,0,0,0,0,1,0,0
110.82,1600,44,105.45,1,0,0,0,0,0,0,0,0,0,0,0
108.43,3411,38,105.75,0,0,0,0,0,0,1,0,0,0,0,1
110.75,2705,52,102.2,0,0,0,1,0,0,0,0,0,0,1,0
109.18,1542.41,38,103.57,0,0,1,0,0,0,0,0,0,0,0,0
112.02,2916,23,105.45,0,0,0,0,0,0,1,0,0,0,0,1
113.19,1382.14,1,108.11,0,0,1,0,0,0,0,0,0,0,1,0
50.56,3218,41,82.81,0,0,0,1,0,0,0,0,0,0,1,0
115.02,3069,1,105.52,0,0,0,0,0,0,1,0,0,0,1,0
106.63,3013,14,94.11,1,0,0,0,0,0,0,0,0,0,0,1
110.81,1763,34,85.5,0,0,0,0,1,0,0,0,0,0,0,0
96.22,3329.47,37,91.12,0,0,1,0,0,0,0,0,0,1,0,0
115.24,2057.29,27,111.89,0,0,0,0,0,0,1,0,0,0,0,0
114.62,158.4,52,108.21,0,1,0,0,0,0,0,0,0,0,0,0
110.48,1598,51,104.04,0,0,0,1,0,0,0,0,0,0,0,0
116.5,3496,31,110.14,0,0,0,0,0,0,0,0,1,0,1,0
112.05,1767.46,43,108.24,0,0,0,0,1,0,0,0,0,0,0,0
114.32,2385,1,108.42,0,0,0,0,0,0,0,1,0,0,0,1
84.73,3011,4,85.25,1,0,0,0,0,0,0,0,0,1,0,0
110.89,1563.05,24,106.15,0,0,1,0,0,0,0,0,0,0,0,0
79.12,3222,6,88.24,0,0,0,0,1,0,0,0,0,1,0,0
113.13,3350,40,107.76,0,0,0,0,0,1,0,0,0,0,0,1
111.22,1225.42,33,107.03,0,0,1,0,0,0,0,0,0,0,0,0
105.86,2942,47,94.76,1,0,0,0,0,0,0,0,0,0,0,1
110.28,1552.88,28,105.55,0,0,1,0,0,0,0,0,0,0,0,0
114.61,1961,21,108.96,0,0,0,0,0,0,0,0,1,0,0,0
115.44,2240,23,110.95,0,0,0,0,0,0,1,0,0,0,0,0
118.5,458,52,113.53,0,0,0,0,0,0,0,1,0,0,1,0
111.36,3293,46,105.11,0,0,0,0,1,0,0,0,0,0,0,1
109.93,2649,42,99.74,0,0,0,0,0,0,0,0,0,0,0,1
106.17,3198,15,98.54,0,1,0,0,0,0,0,0,0,0,1,0
112.51,1628,12,105.52,1,0,0,0,0,0,0,0,0,0,0,0
110.4,1610.59,10,104.59,0,0,1,0,0,0,0,0,0,0,0,0
113.96,2331.58,30,107.3,0,0,0,0,0,0,0,0,0,1,0,0
109.76,3367,39,104.81,0,0,0,0,1,0,0,0,0,0,0,1
105.65,3492,16,97.2,0,0,1,0,0,0,0,0,0,1,0,0
34.36,2818,50,80.08,0,0,0,1,0,0,0,0,0,0,1,0
111.66,3443,49,105.27,0,0,0,0,0,1,0,0,0,0,0,1
110.54,1474.58,18,106.17,0,0,0,1,0,0,0,0,0,0,0,0
112.91,2728,31,82.8,0,0,0,0,1,0,0,0,0,1,0,0
110.21,2755,50,101.84,0,0,0,0,0,0,1,0,0,0,0,1
108.3,3238,27,99.64,1,0,0,0,0,0,0,0,0,1,0,0
114.55,3177,50,107.65,0,0,0,0,0,1,0,0,0,0,0,1
110.17,2044,42,109.36,0,0,0,0,0,0,1,0,0,0,0,0
112.54,3373,36,106.59,0,0,0,0,0,0,1,0,0,0,0,1
104.05,3128,36,88.03,0,0,0,0,0,0,0,0,0,1,0,0
58.87,3057,22,89.17,1,0,0,0,0,0,0,0,0,0,1,0
107.07,3106.91,22,100.9,0,0,1,0,0,0,0,0,0,0,1,0
113.48,2962,18,100.37,0,0,0,0,0,0,0,0,1,1,0,0
115.69,3351,38,106.18,0,0,0,0,0,0,0,0,1,0,0,1
115.07,3293,39,110.55,0,0,0,0,0,1,0,0,0,0,1,0
53.93,3254.48,2,82.99,0,0,0,1,0,0,0,0,0,0,1,0
107.1,3374,13,98.2,0,1,0,0,0,0,0,0,0,1,0,0
110.11,1602.11,50,105.75,0,0,1,0,0,0,0,0,0,0,0,0
110.9,2665,33,104.8,0,1,0,0,0,0,0,0,0,1,0,0
110.39,1527,9,105.05,0,1,0,0,0,0,0,0,0,0,0,0
101.92,2969.49,41,95.05,0,0,0,1,0,0,0,0,0,0,0,1
106.21,3470.59,8,95.67,0,0,0,1,0,0,0,0,0,1,0,0
105.97,3181,48,98.8,1,0,0,0,0,0,0,0,0,0,0,1
107.37,3441.72,24,99.06,0,0,1,0,0,0,0,0,0,1,0,0
106.35,2873,34,99.65,0,1,0,0,0,0,0,0,0,0,0,1
108.55,2515,32,100.97,0,1,0,0,0,0,0,0,0,0,0,1
117.73,2110,23,56.03,0,0,0,0,1,0,0,0,0,1,0,0
107.74,2830,33,100.38,0,1,0,0,0,0,0,0,0,0,0,1
83.36,3357,51,90.7,0,1,0,0,0,0,0,0,0,0,1,0
111.76,2336,44,106.8,0,0,0,0,0,0,0,1,0,0,0,0
112.24,3465,26,107.05,0,0,0,0,0,0,0,1,0,0,0,1
114.04,2142,27,111.29,0,0,0,0,0,0,0,1,0,0,0,0
46.28,2613,22,49.9,0,0,0,0,1,0,0,0,0,0,0,1
110.73,1532,13,104.34,1,0,0,0,0,0,0,0,0,0,0,0
109.01,2621,1,101.29,0,1,0,0,0,0,0,0,0,1,0,0
110.48,1580.69,52,103.82,0,0,0,0,0,0,0,0,0,1,0,0
110.94,1456,39,105.96,0,0,0,1,0,0,0,0,0,0,0,0
114.69,2547,53,109.93,0,0,0,0,1,0,0,0,0,0,1,0
113.25,1943.39,12,109.93,0,0,0,0,0,1,0,0,0,0,0,0
109.58,1467.46,8,104.59,0,0,0,1,0,0,0,0,0,0,0,0
107.98,3363,35,94.27,0,0,0,0,0,0,0,0,0,1,0,0
57.37,3254.74,4,85.93,0,0,0,1,0,0,0,0,0,0,1,0
70.37,3170,49,75.74,0,0,0,0,0,0,0,0,0,0,1,0
104.63,2906,4,99.97,0,0,0,0,1,0,0,0,0,0,0,1
111.87,1431,33,89.57,0,0,0,0,1,0,0,0,0,0,0,0
112.39,1493.21,7,106.86,0,0,0,1,0,0,0,0,0,0,0,0
115.37,1884,7,109.41,0,0,0,0,0,0,0,0,1,0,0,0
80.71,3310.91,2,87.1,0,0,0,1,0,0,0,0,0,1,0,0
112.48,3221,51,107.17,0,0,0,0,1,0,0,0,0,0,0,1
115.33,3254,30,109.51,0,0,0,0,0,0,0,0,1,0,1,0
109.71,1682,44,104.96,0,0,0,1,0,0,0,0,0,0,0,0
60.97,2806,3,89.61,0,0,0,0,1,0,0,0,0,0,0,1
105.5,3466.15,43,95.51,0,1,0,0,0,0,0,0,0,1,0,0
114.49,3054,8,108.17,0,0,0,0,0,0,1,0,0,0,0,1
114.81,3201,8,98.68,0,0,0,0,0,0,0,1,0,0,0,1
104.55,2927.78,50,94.23,0,0,0,0,0,0,0,0,0,0,0,1
107.97,2989,9,105.25,0,0,0,0,0,0,1,0,0,0,0,1
108.86,3111,47,95.2,0,0,0,0,0,0,0,0,0,1,0,0
104.58,3103.53,10,98.89,0,0,0,1,0,0,0,0,0,0,0,1
39.58,3069,50,81.23,0,0,0,0,0,0,0,0,0,0,1,0
57.27,3312.69,7,84.61,0,0,0,1,0,0,0,0,0,0,1,0
108.49,3209.27,34,97.92,0,0,0,0,0,0,0,0,0,1,0,0
81.51,3425.45,44,88.41,0,0,1,0,0,0,0,0,0,1,0,0
113.25,2057,3,107.9,0,0,0,0,0,0,0,1,0,0,0,0
116.65,2041,27,111.3,0,0,0,0,0,1,0,0,0,0,0,0
109.96,1796,17,103.2,0,0,0,0,0,1,0,0,0,0,0,0
87.68,3369,38,93.66,0,0,0,1,0,0,0,0,0,1,0,0
113.38,2041,45,108.87,0,0,0,0,0,0,1,0,0,0,0,0
110.25,1597,5,105.24,0,0,0,0,1,0,0,0,0,0,0,0
88.56,3314.35,45,90.81,0,0,1,0,0,0,0,0,0,1,0,0
113.66,1770,34,110.03,0,0,0,0,0,0,1,0,0,0,0,0
111.78,3383,17,106.57,0,0,0,0,0,0,0,0,1,0,0,1
106.27,3041,18,99.43,0,1,0,0,0,0,0,0,0,1,0,0
105.36,3094.58,37,98.56,0,0,0,1,0,0,0,0,0,0,0,1
109.21,2792,46,101.44,1,0,0,0,0,0,0,0,0,0,0,1
105.43,2875.29,51,98.42,0,0,1,0,0,0,0,0,0,0,0,1
113.05,2961,49,107.19,0,0,0,0,0,0,1,0,0,0,0,1
79.67,3388,49,91.44,0,0,0,1,0,0,0,0,0,1,0,0
104.18,3307,42,88.97,1,0,0,0,0,0,0,0,0,0,1,0
107.33,2890,25,100.6,0,1,0,0,0,0,0,0,0,0,0,1
98.44,2892,36,62.35,0,0,0,0,1,0,0,0,0,0,0,1
112.04,2269,52,104.36,0,0,0,1,0,0,0,0,0,1,0,0
111.03,1450.34,36,105.75,0,0,1,0,0,0,0,0,0,0,0,0
111.06,1749,36,66.82,0,0,0,0,1,0,0,0,0,0,0,0
105.17,3386.18,5,93.74,0,0,1,0,0,0,0,0,0,1,0,0
111.76,3271,29,106.84,0,0,0,0,0,0,1,0,0,0,0,1
107.79,2810,45,99.57,1,0,0,0,0,0,0,0,0,0,0,1
110.49,1648.75,42,104.45,0,1,0,0,0,0,0,0,0,0,0,0
35.68,3002.11,5,82.8,0,0,0,1,0,0,0,0,0,0,1,0
113.17,3426,15,108.3,0,0,0,0,0,1,0,0,0,0,0,1
106.98,3315,36,100.92,0,1,0,0,0,0,0,0,0,1,0,0
107.02,3253,36,96.72,1,0,0,0,0,0,0,0,0,0,1,0
102.59,3228,18,95.84,0,1,0,0,0,0,0,0,0,0,1,0
105.06,3462.44,22,96.19,0,0,0,0,0,0,0,0,0,1,0,0
112.73,2984,30,69.98,0,0,0,0,1,0,0,0,0,0,1,0
110.87,3276,41,106.56,0,0,0,0,1,0,0,0,0,0,0,1
113.44,3459,11,109.27,0,0,0,0,0,1,0,0,0,1,0,0
103.19,2741.11,21,98.27,0,0,1,0,0,0,0,0,0,0,0,1
111.64,2081,47,108.23,0,0,0,0,0,0,1,0,0,0,0,0
104.1,2871,5,96.79,0,1,0,0,0,0,0,0,0,0,0,1
113.13,3435,23,108.37,0,0,0,0,0,1,0,0,0,0,0,1
114.52,1483,32,111.95,0,0,0,0,0,0,0,1,0,0,0,0
105.93,1465,49,99.01,0,0,0,0,0,0,0,0,0,0,0,0
112.35,229.81,1,107.59,0,0,1,0,0,0,0,0,0,0,1,0
106.49,3009.15,19,99.45,0,0,1,0,0,0,0,0,0,0,0,1
112.78,3328.42,37,106.62,0,0,0,0,0,0,1,0,0,0,0,1
111.15,2653.2,29,103.69,1,0,0,0,0,0,0,0,0,0,0,1
110.91,1462.5,43,105.18,0,0,1,0,0,0,0,0,0,0,0,0
106.5,2747,49,96.62,0,1,0,0,0,0,0,0,0,0,0,1
114.01,2457,11,108.78,0,0,0,0,0,1,0,0,0,0,0,1
115.49,2135,17,109.95,0,0,0,0,0,0,0,0,1,0,0,0
108.66,3335,36,99.77,1,0,0,0,0,0,0,0,0,1,0,0
112.01,1666,41,104.48,1,0,0,0,0,0,0,0,0,0,0,0
108.7,1575,5,102.55,0,1,0,0,0,0,0,0,0,0,0,0
107.64,3364,27,100.94,0,1,0,0,0,0,0,0,0,1,0,0
98.77,3105,2,86.85,1,0,0,0,0,0,0,0,0,1,0,0
118.23,1166,52,113.65,0,0,0,0,0,0,1,0,0,0,0,1
108.53,3107,47,98.53,0,0,0,0,0,0,0,0,0,0,0,1
99.24,3143.08,23,92.22,0,0,0,0,0,0,0,0,0,0,0,1
107.32,3297,6,90.08,1,0,0,0,0,0,0,0,0,1,0,0
110.32,2804.15,2,103.05,0,0,1,0,0,0,0,0,0,0,0,1
120.07,450,1,114.79,0,0,0,0,0,0,0,0,1,0,0,1
94.27,3290.18,16,95.68,0,0,0,1,0,0,0,0,0,0,0,1
114.71,1961,40,109.55,0,0,0,0,0,1,0,0,0,0,0,0
113,1944,45,108.37,0,0,0,0,0,1,0,0,0,0,0,0
112.15,2532.41,32,106.65,0,0,1,0,0,0,0,0,0,1,0,0
103.88,3097.09,23,99.14,0,0,1,0,0,0,0,0,0,0,0,1
112.16,3303,13,106.64,0,0,0,0,0,1,0,0,0,0,0,1
111.88,1507,8,104.32,0,1,0,0,0,0,0,0,0,0,0,0
113.05,2077,52,104.25,1,0,0,0,0,0,0,0,0,0,0,1
114.98,3136,33,107.95,0,0,0,0,0,0,0,1,0,0,0,1
104.66,3162.41,26,100.28,0,0,1,0,0,0,0,0,0,0,0,1
110.53,1103,1,104.19,0,1,0,0,0,0,0,0,0,0,0,0
95.71,3377,20,80.23,0,0,0,0,1,0,0,0,0,0,1,0
110.27,2980.71,32,103.7,0,0,1,0,0,0,0,0,0,0,1,0
105.35,3005.17,17,99.74,0,0,0,1,0,0,0,0,0,0,0,1
106.32,3373,24,100.12,1,0,0,0,0,0,0,0,0,0,1,0
115.36,1956,20,111.75,0,0,0,0,0,0,1,0,0,0,0,0
111.26,1561.4,40,104.58,0,1,0,0,0,0,0,0,0,0,0,0
105.51,3046.07,22,99.27,0,0,1,0,0,0,0,0,0,0,0,1
105.82,3295.93,35,98.67,0,0,1,0,0,0,0,0,0,1,0,0
105.66,3219,10,96.63,1,0,0,0,0,0,0,0,0,0,0,1
113.92,3148,33,83.98,0,0,0,0,1,0,0,0,0,1,0,0
113.66,3271,37,106.65,0,0,0,0,0,0,0,0,1,0,0,1
114.95,2034,43,110.7,0,0,0,0,0,0,0,1,0,0,0,0
111.9,2505,8,102.01,0,1,0,0,0,0,0,0,0,0,0,1
114.31,2080,38,109.7,0,0,0,0,0,0,0,1,0,0,0,0
114.38,3324,9,107.62,0,0,0,0,0,0,0,0,1,0,0,1
103.21,3317,41,95.96,0,0,0,0,0,0,0,0,0,0,0,1
112.92,3399,20,107.09,0,0,0,0,0,0,1,0,0,0,0,1
113.19,1055,31,106.99,0,1,0,0,0,0,0,0,0,0,0,0
112.23,1536.84,34,105.53,0,0,0,0,0,0,0,0,0,0,0,0
107,1618.95,52,101.05,0,0,1,0,0,0,0,0,0,1,0,0
104,3150,16,86.41,1,0,0,0,0,0,0,0,0,0,0,1
111.24,3145,43,106.86,0,0,0,0,0,0,1,0,0,0,0,1
114.12,2176,49,109.45,0,0,0,0,0,0,0,1,0,0,0,0
81.32,2866,39,87.57,0,0,0,0,0,0,0,0,0,1,0,0
115.88,3494,38,107.48,0,0,0,0,0,0,0,1,0,0,0,1
111.05,1552,4,104.12,1,0,0,0,0,0,0,0,0,0,0,0
109.94,1666,19,104.11,0,1,0,0,0,0,0,0,0,0,0,0
112.4,1534,40,104.66,0,0,0,0,0,0,0,0,0,0,0,0
110.23,1560,51,106.35,0,0,1,0,0,0,0,0,0,0,0,0
108.14,2637.97,31,100.53,0,0,1,0,0,0,0,0,0,0,0,1
104.96,3404,3,96.06,0,1,0,0,0,0,0,0,0,1,0,0
35.66,2803,2,77.48,1,0,0,0,0,0,0,0,0,0,1,0
110.61,1604,43,105.06,0,0,0,1,0,0,0,0,0,0,0,0
107.27,3030,26,100.03,0,1,0,0,0,0,0,0,0,0,0,1
113.63,2979,7,107.31,0,0,0,0,0,0,0,0,1,0,0,1
107.8,2724,49,101.29,0,0,0,1,0,0,0,0,0,0,0,1
114.56,1780,30,111.47,0,0,0,0,0,0,0,1,0,0,0,0
113.98,1949.49,11,109.92,0,0,0,0,0,0,1,0,0,0,0,0
112.74,1907,6,107.74,0,0,0,0,0,1,0,0,0,0,0,0
108.78,3310,21,98.35,1,0,0,0,0,0,0,0,0,1,0,0
110.53,3113,34,79.6,0,0,0,0,1,0,0,0,0,0,0,1
41.26,2973.68,50,84.33,0,0,1,0,0,0,0,0,0,0,1,0
109.47,2666.18,31,99.78,0,0,0,0,0,0,0,0,0,0,0,1
44.02,3075,46,86.71,0,1,0,0,0,0,0,0,0,0,1,0
111.97,905,31,107.38,0,0,0,0,0,0,0,0,0,0,0,0
113.74,3472,44,106.5,0,0,0,0,0,0,1,0,0,0,0,1
114.46,2969,3,107.28,0,0,0,0,0,0,1,0,0,0,0,1
112.92,2024,52,103.86,0,0,0,0,0,0,0,0,0,0,0,1
114.53,2181,48,109.77,0,0,0,0,0,0,0,1,0,0,0,0
112.65,3319,6,106.48,0,0,0,0,0,1,0,0,0,0,0,1
108.82,3013,29,82.2,0,0,0,0,1,0,0,0,0,0,0,1
113.17,1153,33,106.26,0,1,0,0,0,0,0,0,0,0,0,0
113.46,1249.09,29,107.54,0,0,0,0,0,0,0,0,0,0,0,0
113.07,1117.5,1,107.96,0,0,1,0,0,0,0,0,0,1,0,0
112.25,1864,8,108.61,0,0,0,0,0,1,0,0,0,0,0,0
106.79,3280,20,97.95,0,1,0,0,0,0,0,0,0,1,0,0
108.44,3366,4,103,0,0,0,0,0,0,1,0,0,0,0,1
111.64,3176,34,107.22,0,0,0,0,0,0,1,0,0,0,0,1
115.71,1467,30,112.01,0,0,0,0,0,1,0,0,0,0,0,0
103.96,2885,42,97.35,1,0,0,0,0,0,0,0,0,0,0,1
82.01,3209,7,88.13,0,0,0,0,1,0,0,0,0,1,0,0
103.83,3456,20,95.39,0,1,0,0,0,0,0,0,0,0,1,0
111.02,3269.47,27,101.65,0,0,0,0,0,0,0,0,0,1,0,0
122.43,351.86,1,115.17,0,0,0,0,0,0,0,0,1,1,0,0
80.63,3079.53,49,89.82,0,0,1,0,0,0,0,0,0,1,0,0
107.89,2845,36,100.21,1,0,0,0,0,0,0,0,0,0,0,1
56.39,3160.34,38,79.8,0,0,1,0,0,0,0,0,0,0,1,0
109.44,1711.58,52,101.95,0,0,1,0,0,0,0,0,0,0,0,1
114.87,3472,29,107.8,0,0,0,0,0,0,0,0,1,0,0,1
111.68,3016.27,31,80.35,0,0,0,0,1,0,0,0,0,0,1,0
112.24,3267.46,41,106.05,0,0,0,0,0,0,0,0,1,0,0,1
115.51,1967,26,112.08,0,0,0,0,0,1,0,0,0,0,0,0
108.88,2006,41,106.46,0,0,0,0,1,0,0,0,0,0,0,0
105.89,2818.98,28,100.71,0,0,1,0,0,0,0,0,0,0,0,1
113.19,2968,30,70.39,0,0,0,0,1,0,0,0,0,1,0,0
109.88,1567,10,104.25,1,0,0,0,0,0,0,0,0,0,0,0
105.7,3380,45,96.58,0,1,0,0,0,0,0,0,0,1,0,0
110.85,1557,43,104.04,0,0,0,0,0,0,0,0,0,0,0,0
113.78,2296,24,110.79,0,0,0,0,0,0,0,1,0,0,0,0
108.59,3397.24,28,101.55,0,1,0,0,0,0,0,0,0,1,0,0
114.75,3079,32,108.37,0,0,0,0,0,0,0,0,1,0,0,1
112.44,1682,21,105.81,1,0,0,0,0,0,0,0,0,0,0,0
99.67,2998,42,88.04,0,0,0,0,0,0,0,0,0,1,0,0
114.48,2081,39,110.15,0,0,0,0,0,0,0,1,0,0,0,0
112.58,1954,7,108.33,0,0,0,0,0,0,1,0,0,0,0,0
108.99,1555.93,11,106.28,0,0,0,1,0,0,0,0,0,0,0,0
111.14,1553,11,104.92,1,0,0,0,0,0,0,0,0,0,0,0
52.1,3084,51,83.75,0,0,0,1,0,0,0,0,0,0,1,0
114.78,2040,15,110.41,0,0,0,0,0,0,1,0,0,0,0,0
108.88,2937.82,26,97.06,0,0,0,0,0,0,0,0,0,0,0,1
110.39,1623,45,105.2,0,1,0,0,0,0,0,0,0,0,0,0
112.38,3435,10,106.36,0,0,0,0,0,1,0,0,0,0,0,1
108.92,1693,37,108.68,0,0,0,0,0,0,0,0,1,0,0,0
107.95,3391.03,26,101.14,0,0,1,0,0,0,0,0,0,1,0,0
109.41,1348,6,102.26,0,1,0,0,0,0,0,0,0,0,0,0
110.03,2882,44,99.39,0,0,0,0,0,0,0,0,0,0,0,1
109.25,1451.38,7,105.18,0,0,1,0,0,0,0,0,0,0,0,0
106.84,1942.37,19,109.96,0,0,0,0,0,0,0,0,1,0,0,0
111.46,1674.83,27,106.11,0,0,0,0,0,0,0,0,0,0,0,0
103.51,1210,19,91.62,0,0,0,0,1,0,0,0,0,1,0,0
112.9,1678,22,105.28,1,0,0,0,0,0,0,0,0,0,0,0
110.03,1542.11,15,104.34,0,0,0,1,0,0,0,0,0,0,0,0
112.09,3191.19,26,105.84,0,0,0,0,0,0,0,0,1,0,0,1
114.56,3248,37,108.15,0,0,0,0,0,1,0,0,0,0,0,1
113.21,1901,51,108.82,0,0,0,0,0,1,0,0,0,0,0,0
108.42,3140,13,101.31,0,1,0,0,0,0,0,0,0,0,0,1
111.85,1601.38,12,105.27,0,0,0,1,0,0,0,0,0,0,0,0
110.58,1590.51,13,106.63,0,0,0,1,0,0,0,0,0,0,0,0
115.66,2183,42,107.04,0,0,0,0,0,0,0,0,1,0,0,0
109.7,1664.44,44,103.26,0,1,0,0,0,0,0,0,0,0,0,0
103.94,3385.26,9,97.47,0,0,0,1,0,0,0,0,0,0,1,0
111.62,1457.29,35,105.65,1,0,0,0,0,0,0,0,0,0,0,0
105.77,3096,24,97.72,1,0,0,0,0,0,0,0,0,0,0,1
105.54,2946.43,23,101.05,0,1,0,0,0,0,0,0,0,0,0,1
106.12,3313,8,96.39,1,0,0,0,0,0,0,0,0,0,1,0
84.1,3035,44,93.31,0,0,0,1,0,0,0,0,0,0,0,1
99.23,3376,23,88.56,0,1,0,0,0,0,0,0,0,0,1,0
104.75,3372,25,88.23,1,0,0,0,0,0,0,0,0,0,1,0
112.69,1994,51,109.38,0,0,0,0,1,0,0,0,0,0,0,0
108.12,3263.39,18,101.45,0,0,0,1,0,0,0,0,0,1,0,0
106.31,2940,19,96.95,1,0,0,0,0,0,0,0,0,0,0,1
111.76,1437.93,35,106.71,0,0,1,0,0,0,0,0,0,0,0,0
74.99,2710.53,3,74.35,0,0,1,0,0,0,0,0,0,1,0,0
110.97,1581.72,41,105.36,0,0,1,0,0,0,0,0,0,0,0,0
109.62,1574,3,104.01,0,1,0,0,0,0,0,0,0,0,0,0
101.37,3183,39,87.56,0,0,0,0,0,0,0,0,0,0,0,1
109.13,2736,23,100.82,1,0,0,0,0,0,0,0,0,0,0,1
115.47,2005,41,105.37,0,0,0,0,0,0,0,0,1,0,0,0
112.3,1653,20,104.94,0,1,0,0,0,0,0,0,0,0,0,0
115.52,2130,25,110.82,0,0,0,0,0,0,0,1,0,0,0,0
105.62,605,19,93.89,0,0,0,0,1,0,0,0,0,0,0,0
95.67,2862,2,87.61,1,0,0,0,0,0,0,0,0,0,0,1
72.37,3042.55,47,88.99,0,0,1,0,0,0,0,0,0,1,0,0
107.24,3424.39,23,96.39,0,0,0,0,0,0,0,0,0,1,0,0
110.79,2050,42,106.76,0,0,0,0,1,0,0,0,0,0,0,0
79.18,3421,5,78.77,1,0,0,0,0,0,0,0,0,0,1,0
114.76,3137,13,108.78,0,0,0,0,0,0,0,0,1,0,0,1
88.8,2450,4,91.66,1,0,0,0,0,0,0,0,0,0,1,0
123.37,307.12,1,113.29,0,0,0,0,0,0,0,0,1,0,0,0
111.51,1944,27,89.22,0,0,0,0,1,0,0,0,0,0,0,0
98.91,3309,34,107.6,0,0,0,0,0,0,1,0,0,1,0,0
111.15,3180,52,105.84,0,0,0,0,1,0,0,0,0,1,0,0
103.34,3198,46,96.34,0,0,0,1,0,0,0,0,0,0,0,1
113.36,1470,1,107.79,0,0,1,0,0,0,0,0,0,0,0,1
110.35,1522,4,105.44,0,1,0,0,0,0,0,0,0,0,0,0
114.03,3344,27,106.62,0,0,0,0,0,1,0,0,0,0,0,1
111.57,1799,35,87.26,0,0,0,0,1,0,0,0,0,0,0,0
101.99,3303.53,6,92.53,0,0,1,0,0,0,0,0,0,1,0,0
97.35,3077.29,17,94.31,0,0,1,0,0,0,0,0,0,0,0,1
107.2,3180,20,90.71,1,0,0,0,0,0,0,0,0,1,0,0
117.59,2849,30,112.17,0,0,0,0,0,1,0,0,0,1,0,0
110.93,1568,48,104.15,0,0,0,1,0,0,0,0,0,0,0,0
113.79,2011,4,110.03,0,0,0,0,0,0,0,1,0,0,0,0
106.13,3193.22,43,97.45,0,0,1,0,0,0,0,0,0,0,1,0
114.22,2700,30,105.41,0,0,0,0,0,0,0,0,0,0,1,0
100.18,3062,47,96.7,0,0,0,1,0,0,0,0,0,0,0,1
117.98,2922,32,115.42,0,0,0,0,0,0,0,0,1,1,0,0
108.33,3342.86,25,98.27,0,0,0,0,0,0,0,0,0,1,0,0
114.98,2151,42,110.11,0,0,0,0,0,0,0,1,0,0,0,0
114.94,3163,31,108.61,0,0,0,0,0,0,0,1,0,0,0,1
109.96,1566,40,104.16,0,0,0,1,0,0,0,0,0,0,0,0
112.93,1588,25,106.12,1,0,0,0,0,0,0,0,0,0,0,0
112.1,3422,41,108.47,0,0,0,0,0,0,1,0,0,0,0,1
114.15,3367,39,107.86,0,0,0,0,0,1,0,0,0,0,0,1
102.54,3320.69,4,95.5,0,0,1,0,0,0,0,0,0,1,0,0
107.57,3405,25,73.59,0,0,0,0,1,0,0,0,0,0,0,1
107.53,3251,45,97.97,0,1,0,0,0,0,0,0,0,0,1,0
114.45,2942,30,108.39,0,0,0,0,0,1,0,0,0,0,0,1
111.03,1543,49,104.85,0,1,0,0,0,0,0,0,0,0,0,0
107.53,3350.85,19,101.5,0,0,1,0,0,0,0,0,0,1,0,0
110.81,1532,18,105.57,1,0,0,0,0,0,0,0,0,0,0,0
111.09,1674,16,105.59,0,1,0,0,0,0,0,0,0,0,0,0
70.54,3278,45,87.79,0,0,0,1,0,0,0,0,0,1,0,0
111.15,2780.34,33,105.29,0,0,1,0,0,0,0,0,0,1,0,0
112.84,3343,27,107.85,0,0,0,0,0,0,1,0,0,0,0,1
106.99,3342.5,10,100.01,0,0,1,0,0,0,0,0,0,0,1,0
107.18,3148.3,22,100.53,0,0,1,0,0,0,0,0,0,1,0,0
113.24,3374,22,108.95,0,0,0,0,0,0,0,1,0,0,0,1
112.69,1830,26,105.51,1,0,0,0,0,0,0,0,0,1,0,0
113.03,3162,51,107.49,0,0,0,0,0,0,1,0,0,0,0,1
113.78,3458,22,107.4,0,0,0,0,0,0,1,0,0,0,0,1
109.55,3290.77,28,100.4,0,0,0,0,0,0,0,0,0,0,1,0
109.36,1776,48,102.45,1,0,0,0,0,0,0,0,0,0,0,0
113.97,3097,25,107.87,0,0,0,0,0,1,0,0,0,0,0,1
102.09,3490.43,22,94.56,0,0,0,0,0,0,0,0,0,0,1,0
68.49,3001.03,51,83.41,0,0,0,1,0,0,0,0,0,0,0,1
113.09,3421,46,105.95,0,0,0,0,0,1,0,0,0,0,0,1
98.38,3212.61,3,91.88,0,0,0,1,0,0,0,0,0,1,0,0
45.5,2953.93,48,85.15,0,0,1,0,0,0,0,0,0,0,1,0
105.1,3168.62,14,101.64,0,0,1,0,0,0,0,0,0,0,0,1
115.37,1131,18,110.9,0,0,1,0,0,0,0,0,0,0,0,1
118.35,3173,33,111.96,0,0,0,0,0,0,0,1,0,1,0,0
107.02,2675.56,34,98.27,1,0,0,0,0,0,0,0,0,0,0,1
114.91,2006,28,111.59,0,0,0,0,0,0,1,0,0,0,0,0
108.68,3381.11,27,99.73,0,0,0,0,0,0,0,0,0,0,1,0
111.04,3006.21,29,105.05,1,0,0,0,0,0,0,0,0,1,0,0
108.66,2644.07,9,102,0,0,1,0,0,0,0,0,0,0,0,1
112.91,3064,44,108.48,0,0,0,0,0,1,0,0,0,0,0,1
116.57,3313,29,110.92,0,0,0,0,0,1,0,0,0,1,0,0
113.35,3324,10,106.39,0,0,0,0,0,0,0,1,0,0,0,1
114.39,2487.46,32,107.1,1,0,0,0,0,0,0,0,0,1,0,0
59.29,2939,43,84.42,0,0,0,1,0,0,0,0,0,0,1,0
102.51,3405.52,4,95.83,0,0,1,0,0,0,0,0,0,0,1,0
106.56,2694.83,35,101.69,0,0,1,0,0,0,0,0,0,0,0,1
110.84,3205,32,80.99,0,0,0,0,1,0,0,0,0,0,1,0
78.29,1746.21,3,82.24,0,0,1,0,0,0,0,0,0,0,0,1
117.66,247.24,52,113.77,0,0,0,0,0,0,0,1,0,1,0,0
107.36,2329.66,11,101.77,0,0,0,1,0,0,0,0,0,0,0,1
51.81,3102,39,85.46,0,0,0,1,0,0,0,0,0,0,1,0
106.05,3347.55,24,97.54,0,0,0,0,0,0,0,0,0,1,0,0
105.33,2714,1,98.29,0,1,0,0,0,0,0,0,0,0,1,0
114.54,1321,32,111.68,0,0,0,0,0,0,1,0,0,0,0,0
114.72,3457,23,107.49,0,0,0,0,0,0,0,0,1,0,0,1
59.32,3280,6,85.29,0,0,0,1,0,0,0,0,0,0,1,0
104.46,3220,45,95.36,0,0,0,1,0,0,0,0,0,0,0,1
114.59,2292.56,19,109.81,0,0,0,0,0,1,0,0,0,0,0,0
109.04,1658,46,104.54,0,0,0,1,0,0,0,0,0,0,0,0
110.05,1165,31,113.93,0,0,0,0,0,0,0,0,1,0,0,0
112.86,2944.8,31,105.3,0,1,0,0,0,0,0,0,0,0,1,0
103.51,3237.97,28,97.85,0,0,1,0,0,0,0,0,0,1,0,0
115.72,1544,33,112.32,0,0,0,0,0,0,0,1,0,0,0,0
105.39,3314.24,18,100.02,0,0,0,1,0,0,0,0,0,0,1,0
107.11,3068.08,14,99.5,0,1,0,0,0,0,0,0,0,0,0,1
109.66,2628.89,4,102.99,0,0,0,1,0,0,0,0,0,0,0,1
105.66,3395,2,95.63,0,1,0,0,0,0,0,0,0,1,0,0
111.13,1866,3,107.65,0,0,0,0,0,1,0,0,0,0,0,0
110.03,1637,13,104.97,0,1,0,0,0,0,0,0,0,0,0,0
104.09,2776.55,33,98.99,0,0,1,0,0,0,0,0,0,0,0,1
110.29,2633,35,101.06,0,0,0,0,0,0,0,0,0,0,0,1
113.63,2023,53,109.43,0,0,0,0,1,0,0,0,0,1,0,0
115.69,1966,28,111.17,0,0,0,0,0,1,0,0,0,0,0,0
117.68,294.83,52,111.69,0,0,0,0,0,0,1,0,0,1,0,0
113.46,3445,38,107.45,0,0,0,0,0,1,0,0,0,0,0,1
110,1551.6,45,104.77,0,0,1,0,0,0,0,0,0,0,0,0
101.16,2063,19,87.14,0,0,0,0,1,0,0,0,0,0,0,1
99.19,3025.42,7,98.42,0,0,0,0,1,0,0,0,0,0,0,1
105.14,2976,50,95.08,0,1,0,0,0,0,0,0,0,0,0,1
112.91,2066,11,108.73,0,0,0,0,0,0,0,1,0,0,0,0
116.57,381.36,18,110.82,0,0,1,0,0,0,0,0,0,1,0,0
117.42,2557,31,112.44,0,0,0,0,0,0,0,1,0,1,0,0
107.99,2871,7,91.72,0,1,0,0,0,0,0,0,0,0,0,1
104.79,2587,36,93.04,0,0,0,0,0,0,0,0,0,0,0,1
110.71,1578,37,105.31,0,1,0,0,0,0,0,0,0,0,0,0
101.38,3440,51,83.67,1,0,0,0,0,0,0,0,0,0,1,0
113.77,1232.2,30,109.31,0,1,0,0,0,0,0,0,0,0,0,0
110.27,1504.07,12,105.94,0,0,1,0,0,0,0,0,0,0,0,0
108.62,3203,8,98.54,1,0,0,0,0,0,0,0,0,1,0,0
111.45,1998,50,107.73,0,0,0,0,1,0,0,0,0,0,0,0
95.97,2745.56,5,96.75,0,0,0,1,0,0,0,0,0,0,0,1
113.15,3385,18,108.28,0,0,0,0,0,1,0,0,0,0,0,1
112.2,3147,28,106.41,0,0,0,0,0,1,0,0,0,0,0,1
108.68,3286.67,8,100.24,0,0,0,1,0,0,0,0,0,0,1,0
106.69,2809.83,42,99.81,0,0,1,0,0,0,0,0,0,0,0,1
113.91,2826,32,107.95,0,0,0,0,0,0,1,0,0,0,0,1
112.35,1937,5,107.91,0,0,0,0,0,1,0,0,0,0,0,0
105.67,3252,10,98.12,0,0,0,1,0,0,0,0,0,1,0,0
111.65,1829,9,107.5,0,0,0,0,0,1,0,0,0,0,0,0
113.74,3351,4,107,0,0,0,0,0,0,0,1,0,0,0,1
108.95,1637,45,104.25,0,0,0,1,0,0,0,0,0,0,0,0
110.14,1494,38,105.27,0,0,0,1,0,0,0,0,0,0,0,0
113.01,3275,7,105.27,0,0,0,0,0,0,0,1,0,0,0,1
113.25,3092,1,107.98,0,0,0,0,0,0,1,0,0,1,0,0
107.66,3122,4,106.07,0,0,0,0,0,1,0,0,0,0,0,1
120.34,337,1,114.98,0,0,0,0,0,0,0,0,1,0,1,0
107.33,2606.9,9,99.23,0,0,0,1,0,0,0,0,0,0,0,1
91.02,2957.29,48,94.13,0,0,0,1,0,0,0,0,0,0,0,1
96.89,3061.03,15,91.86,0,0,0,1,0,0,0,0,0,0,0,1
112.67,1583,28,109.47,1,0,0,0,0,0,0,0,0,0,0,0
111.03,3420,7,106.65,0,0,0,0,0,1,0,0,0,0,1,0
79.72,3404.48,46,83.06,0,0,1,0,0,0,0,0,0,0,1,0
105.91,3128,45,98.22,0,1,0,0,0,0,0,0,0,0,0,1
105.89,3117,16,99.31,0,1,0,0,0,0,0,0,0,0,0,1
109.08,1593.1,16,105.2,0,0,0,1,0,0,0,0,0,0,0,0
106.85,3286,38,94.74,0,0,0,0,0,0,0,0,0,1,0,0
109.36,3301.88,28,101.73,0,1,0,0,0,0,0,0,0,0,1,0
112.85,1230,1,109.25,0,0,0,0,0,0,0,1,0,0,0,0
99.49,3042.71,49,84.74,0,0,0,0,0,0,0,0,0,1,0,0
113.54,1912,37,108.5,0,0,0,0,0,0,1,0,0,0,0,0
111.42,3221,49,106.9,0,0,0,0,1,0,0,0,0,0,0,1
54.34,3237,37,80.78,0,0,0,1,0,0,0,0,0,0,1,0
117.84,3129,40,103.96,0,0,0,0,0,0,0,0,1,1,0,0
113.57,3099,5,107.67,0,0,0,0,0,0,1,0,0,0,0,1
98.97,3124,48,80.98,0,0,0,0,0,0,0,0,0,1,0,0
107.45,2995.2,5,99.44,0,0,1,0,0,0,0,0,0,0,0,1
90.04,3393.56,39,93.07,0,0,1,0,0,0,0,0,0,1,0,0
114.47,1943,38,109.85,0,0,0,0,0,1,0,0,0,0,0,0
107.57,3404,44,94.35,0,0,0,0,0,0,0,0,0,1,0,0
107.05,3255,15,91.31,1,0,0,0,0,0,0,0,0,1,0,0
106.09,3216.92,41,100.06,0,1,0,0,0,0,0,0,0,0,0,1
114.16,2009,17,109.63,0,0,0,0,0,0,1,0,0,0,0,0
111.78,1029.82,30,107.15,0,0,0,0,0,0,0,0,0,0,0,0
114.6,1749,29,111.05,0,0,0,0,0,1,0,0,0,0,0,0
78.91,3413.9,17,90.61,0,0,0,1,0,0,0,0,0,1,0,0
108.24,3458,35,95.2,0,0,0,0,0,0,0,0,0,0,1,0
107.71,1560,42,99.71,0,0,0,0,0,0,0,0,0,0,0,0
106.63,3043.85,10,99.51,0,0,0,1,0,0,0,0,0,0,1,0
110.44,3195,22,100.11,0,0,0,0,0,0,0,0,1,0,0,1
37.94,2811,50,76.35,0,0,0,1,0,0,0,0,0,0,0,1
114.43,2117,29,111.66,0,0,0,0,0,0,0,1,0,0,0,0
104.75,3407.8,28,95.45,0,0,1,0,0,0,0,0,0,0,1,0
88.34,3101,50,86.43,0,0,0,0,0,0,0,0,0,1,0,0
113.1,3462.27,34,107.73,0,0,0,0,0,1,0,0,0,0,0,1
111.67,1402,34,107.13,0,0,1,0,0,0,0,0,0,0,0,0
112.93,2175,15,109.87,0,0,0,0,0,0,0,0,1,0,0,0
114.27,2165.17,40,107.84,0,0,0,0,0,0,0,0,1,0,0,0
109.16,1388,2,102.06,1,0,0,0,0,0,0,0,0,0,0,0
64.62,3248,42,83.04,0,0,0,1,0,0,0,0,0,0,1,0
110.09,2729.23,30,101.26,0,0,0,0,0,0,0,0,0,0,0,1
88.34,3234,48,95.46,1,0,0,0,0,0,0,0,0,0,1,0
112.36,3268,7,107.48,0,0,0,0,0,1,0,0,0,0,0,1
110.19,1644,15,104.52,1,0,0,0,0,0,0,0,0,0,0,0
112.1,2048,52,102.63,0,0,0,0,0,0,0,0,0,0,1,0
111.96,1791,17,105.47,1,0,0,0,0,0,0,0,0,0,0,0
104.04,2109,22,89.58,0,0,0,0,1,0,0,0,0,0,0,0
55.77,3254,38,85.31,0,0,0,1,0,0,0,0,0,0,1,0
49.86,2754,41,57.93,0,0,0,0,0,0,0,0,0,0,1,0
111.99,2482.86,30,104.53,0,1,0,0,0,0,0,0,0,1,0,0
106.19,1799,50,99.06,0,0,0,0,0,0,1,0,0,0,0,0
107.62,3477.39,29,99.2,0,1,0,0,0,0,0,0,0,0,1,0
112.5,3442,40,107.83,0,0,0,0,0,0,1,0,0,0,0,1
109.11,3272.31,26,95.93,0,0,0,0,0,0,0,0,0,1,0,0
112.44,1487.78,29,106.95,1,0,0,0,0,0,0,0,0,0,0,0
106.7,3314,27,99.09,1,0,0,0,0,0,0,0,0,0,0,1
113.64,2260,47,108.15,0,0,0,0,0,0,0,1,0,0,0,0
110.93,3482,29,81.76,0,0,0,0,1,0,0,0,0,0,1,0
82.87,3373.22,38,89.88,0,0,1,0,0,0,0,0,0,1,0,0
79.46,3338,46,89.63,0,0,0,1,0,0,0,0,0,1,0,0
113.06,2415.38,21,110.98,0,0,0,0,0,0,0,1,0,0,0,0
113,3302,47,106.46,0,0,0,0,0,0,1,0,0,0,0,1
116.58,3144.62,34,110.25,0,0,0,0,0,1,0,0,0,1,0,0
104.77,2949,51,95.65,1,0,0,0,0,0,0,0,0,1,0,0
105.75,2666,6,97.5,0,0,0,0,1,0,0,0,0,0,0,1
107.36,2735.17,29,101.41,0,0,1,0,0,0,0,0,0,0,0,1
109.13,1565,51,103.9,1,0,0,0,0,0,0,0,0,0,0,0
109.77,1593.33,11,104.06,0,1,0,0,0,0,0,0,0,0,0,0
116.8,2113,29,115.49,0,0,0,0,0,0,0,0,1,0,0,0
110.95,1627,41,104.29,0,0,0,0,0,0,0,0,0,0,0,0
75.5,3095,41,81.28,0,0,0,1,0,0,0,0,0,1,0,0
109.39,2546.25,8,102.91,0,0,0,1,0,0,0,0,0,0,0,1
107.37,3428,12,94.3,1,0,0,0,0,0,0,0,0,1,0,0
105.46,3164.75,41,98.69,0,0,1,0,0,0,0,0,0,0,0,1
109.69,3236,33,81.61,0,0,0,0,1,0,0,0,0,0,0,1
89.02,3386,48,90.13,0,0,0,1,0,0,0,0,0,1,0,0
106.6,3097,1,91.96,1,0,0,0,0,0,0,0,0,1,0,0
47.65,3151.91,45,84.78,0,0,1,0,0,0,0,0,0,0,1,0
110.6,1436,8,104.01,1,0,0,0,0,0,0,0,0,0,0,0
116.33,638,18,112.76,0,0,1,0,0,0,0,0,0,0,1,0
106.1,3165,17,97.5,0,1,0,0,0,0,0,0,0,1,0,0
116.33,3290.36,30,112.08,0,0,0,0,0,0,1,0,0,1,0,0
109.9,1674,9,104.28,1,0,0,0,0,0,0,0,0,0,0,0
113.35,2555.17,30,105,1,0,0,0,0,0,0,0,0,1,0,0
98.74,3142,21,49.22,0,0,0,0,1,0,0,0,0,0,0,1
110.83,1314,1,102.73,1,0,0,0,0,0,0,0,0,0,0,0
112.21,1945,6,108.42,0,0,0,0,0,0,1,0,0,0,0,0
115.4,1588,33,111.78,0,0,0,0,0,1,0,0,0,0,0,0
111.15,1745.45,21,104.04,0,0,1,0,0,0,0,0,0,0,0,0
109.45,1536,18,103.99,0,1,0,0,0,0,0,0,0,0,0,0
116.34,1953,16,112,0,0,0,0,0,1,0,0,0,0,0,0
110.24,3270,29,103.4,1,0,0,0,0,0,0,0,0,0,1,0
113,1949,18,107.64,0,0,0,0,0,0,0,1,0,0,0,0
105,3306,48,95.28,1,0,0,0,0,0,0,0,0,1,0,0
107.87,3053,32,100.75,0,1,0,0,0,0,0,0,0,0,1,0
110.34,1527,2,105.5,0,1,0,0,0,0,0,0,0,0,0,0
63,3494.24,15,86.17,0,0,1,0,0,0,0,0,0,0,1,0
110.9,1539,51,105.86,0,1,0,0,0,0,0,0,0,0,0,0
112.47,1504.07,25,106.85,0,0,1,0,0,0,0,0,0,0,0,0
113.5,644,52,108.44,1,0,0,0,0,0,0,0,0,0,0,0
53.76,3093.1,17,85.54,0,0,0,1,0,0,0,0,0,0,1,0
108.71,3293,42,106.69,0,0,0,0,0,0,1,0,0,0,0,1
114.76,850,52,110.47,0,0,0,0,0,1,0,0,0,0,0,0
115.6,2914,32,111.91,0,0,0,0,0,0,1,0,0,1,0,0
114.54,2394,2,100.75,0,0,0,0,0,0,0,0,1,0,0,1
104.45,3382,49,97.02,0,1,0,0,0,0,0,0,0,0,1,0
112.23,1581,25,105.88,0,1,0,0,0,0,0,0,0,0,0,0
110.12,1449,50,103.5,0,0,0,0,0,0,0,0,0,0,0,0
94.02,3320,17,97.62,1,0,0,0,0,0,0,0,0,0,1,0
108.74,507.86,1,105.29,0,0,1,0,0,0,0,0,0,0,0,0
115,1957,41,109.79,0,0,0,0,0,1,0,0,0,0,0,0
106.06,2956,41,96.03,1,0,0,0,0,0,0,0,0,0,0,1
106.24,2956,40,97.33,0,0,0,1,0,0,0,0,0,0,0,1
114.22,3304,26,107.82,0,0,0,0,0,1,0,0,0,0,0,1
104.21,3492,12,96.09,0,0,0,0,0,0,0,0,1,0,0,1
108.61,3412,26,100.85,0,1,0,0,0,0,0,0,0,1,0,0
109.8,2041,41,107.96,0,0,0,0,0,0,1,0,0,0,0,0
107,2594.4,31,101.43,0,1,0,0,0,0,0,0,0,0,0,1
95.21,3215.59,47,94.22,0,0,1,0,0,0,0,0,0,0,0,1
115.67,1944,28,115.67,0,0,0,0,0,0,0,0,1,0,0,0
81.03,3083,49,90.85,0,0,0,1,0,0,0,0,0,0,1,0
112.19,2142,12,109.56,0,0,0,0,0,0,0,1,0,0,0,0
112.76,3429,13,106.87,0,0,0,0,0,0,0,1,0,0,0,1
112.07,2070,13,107.35,0,0,0,0,0,1,0,0,0,0,0,0
110.83,2730,32,82.82,0,0,0,0,1,0,0,0,0,1,0,0
110.48,2102,20,112.02,0,0,0,0,0,0,0,0,1,0,0,0
105.1,2895.65,42,96.47,0,1,0,0,0,0,0,0,0,0,0,1
43.84,2746.67,3,66.43,0,0,0,1,0,0,0,0,0,0,1,0
109,3330,42,105.1,0,0,0,0,1,0,0,0,0,0,0,1
110.63,1542,2,105,0,0,0,0,1,0,0,0,0,0,0,0
111.78,1735.86,28,106.41,0,1,0,0,0,0,0,0,0,0,0,0
114.72,2208,46,104.45,0,0,0,0,0,0,0,1,0,0,0,0
111.87,1678.78,23,107.27,0,0,0,0,0,0,0,0,0,0,0,0
112.66,1008.62,31,107.69,0,0,1,0,0,0,0,0,0,0,0,0
111.35,1395.85,29,106.51,0,0,1,0,0,0,0,0,0,0,0,0
73.61,3466.42,25,77.51,0,0,0,0,0,0,0,0,0,0,1,0
115.59,1703,34,110.89,0,0,0,0,0,1,0,0,0,0,0,0
115.89,3452,29,110.68,0,0,0,0,0,1,0,0,0,0,1,0
113.3,1825,18,112.57,0,0,0,0,0,0,0,0,1,0,0,0
107.29,3061,9,98.61,1,0,0,0,0,0,0,0,0,0,0,1
115.04,2068,25,111.64,0,0,0,0,0,0,0,0,1,0,0,0
117.58,3414,31,111.67,0,0,0,0,0,0,0,1,0,0,1,0
85.7,3258,42,91.5,0,0,0,1,0,0,0,0,0,1,0,0
107.38,3449,19,98.35,0,1,0,0,0,0,0,0,0,1,0,0
117.18,2870,32,112.84,0,0,0,0,0,0,0,1,0,1,0,0
115.86,1297,31,112.85,0,0,0,0,0,0,0,1,0,0,0,0
107.66,2993,25,97.4,1,0,0,0,0,0,0,0,0,0,0,1
108.63,3261,45,91.74,0,0,0,0,0,0,0,0,0,0,1,0
105.15,3483.33,5,86.07,0,0,1,0,0,0,0,0,0,0,1,0
110.15,1443.05,37,104.8,0,0,1,0,0,0,0,0,0,0,0,0
105.52,3489,2,84.92,0,1,0,0,0,0,0,0,0,0,1,0
109.78,1589.47,47,104.62,0,0,1,0,0,0,0,0,0,0,0,0
103.89,3466.78,16,96.13,0,0,0,1,0,0,0,0,0,0,1,0
49.41,3065.08,5,83,0,0,0,0,1,0,0,0,0,0,1,0
80.7,3206,50,86.8,0,0,0,1,0,0,0,0,0,1,0,0
115.41,3183,35,109.66,0,0,0,0,0,1,0,0,0,0,0,1
87.73,3396,42,90.16,0,0,1,0,0,0,0,0,0,1,0,0
114.5,3200,19,107.69,0,0,0,0,0,0,0,0,1,0,0,1
106.05,1601,14,112.06,0,0,0,0,0,0,0,0,1,0,0,0
114.24,2694,1,109.78,0,0,0,0,0,0,0,1,0,1,0,0
109.88,3156.61,33,98.76,1,0,0,0,0,0,0,0,0,0,1,0
106.17,3407,46,95.68,1,0,0,0,0,0,0,0,0,1,0,0
113.78,3415,3,105.1,0,0,0,0,0,0,0,1,0,0,0,1
112.29,1898,24,106.52,1,0,0,0,0,0,0,0,0,0,0,0
114.9,3163,33,111.29,0,0,0,0,0,0,1,0,0,1,0,0
114.1,3389,25,106.9,0,0,0,0,0,0,0,1,0,0,0,1
112.75,1805,28,90.73,0,0,0,0,1,0,0,0,0,0,0,0
115.06,3352,25,107.53,0,0,0,0,0,0,0,0,1,0,0,1
101.73,1858,21,87.14,0,0,0,0,1,0,0,0,0,0,0,0
105.33,3330.53,40,94.72,0,0,1,0,0,0,0,0,0,1,0,0
114.95,286.07,18,108.98,0,0,1,0,0,0,0,0,0,0,0,0
110.09,2530.34,31,79.86,0,0,0,0,1,0,0,0,0,0,0,1
108.13,2853,35,99.67,0,1,0,0,0,0,0,0,0,0,0,1
116.12,1932,23,47.93,0,0,0,0,1,0,0,0,0,0,1,0
106.78,3005,20,97.86,0,1,0,0,0,0,0,0,0,0,0,1
114.82,2003,14,109.13,0,0,0,0,0,0,1,0,0,0,0,0
113.77,2187,13,114.12,0,0,0,0,0,0,0,0,1,0,0,0
110.39,2599.32,30,104.74,0,0,1,0,0,0,0,0,0,1,0,0
97.49,3461,9,79.45,0,1,0,0,0,0,0,0,0,0,1,0
106.34,3031.58,24,98.9,0,0,1,0,0,0,0,0,0,0,0,1
110.11,1540,16,105.81,0,0,1,0,0,0,0,0,0,0,0,0
46.55,3194,36,83.95,0,0,0,1,0,0,0,0,0,0,1,0
106.76,3405,21,100.94,0,1,0,0,0,0,0,0,0,1,0,0
117.52,3217,42,109.93,0,0,0,0,0,0,0,1,0,0,0,1
98.9,1396.84,3,94.97,0,0,1,0,0,0,0,0,0,0,0,0
108.41,1729,47,104.48,0,0,0,1,0,0,0,0,0,0,0,0
108.77,2976.84,30,102.41,0,0,1,0,0,0,0,0,0,0,1,0
46.99,2643.53,51,85.41,0,0,1,0,0,0,0,0,0,0,1,0
99.58,3158,27,95.11,1,0,0,0,0,0,0,0,0,0,1,0
115.19,2022,23,111.93,0,0,0,0,0,1,0,0,0,0,0,0
59.23,3331,48,85.87,0,1,0,0,0,0,0,0,0,0,1,0
111.76,1580,36,106.57,0,0,0,1,0,0,0,0,0,0,0,0
81.58,3239,20,83.14,1,0,0,0,0,0,0,0,0,0,1,0
110.27,2897,4,106.57,0,0,0,0,0,0,0,0,1,0,0,1
113.94,3183,5,105.69,0,0,0,0,0,0,0,1,0,0,0,1
77.19,3479,14,79.64,1,0,0,0,0,0,0,0,0,0,1,0
115.35,3384,12,108.19,0,0,0,0,0,0,1,0,0,0,0,1
104.82,3273,3,95.78,0,1,0,0,0,0,0,0,0,0,1,0
105.41,3426,46,95.01,0,1,0,0,0,0,0,0,0,1,0,0
104.2,3183.16,48,94.64,0,0,1,0,0,0,0,0,0,0,0,1
94.5,3156,21,64.74,1,0,0,0,0,0,0,0,0,0,1,0
108.32,3319,8,99.37,0,1,0,0,0,0,0,0,0,1,0,0
115.87,1980,24,112.07,0,0,0,0,0,0,1,0,0,0,0,0
113.34,3398,10,107.94,0,0,0,0,0,0,0,0,1,0,0,1
111.88,3225.76,45,105.22,0,0,0,0,1,0,0,0,0,0,0,1
114.55,1954,52,107.11,1,0,0,0,0,0,0,0,0,0,1,0
116.62,3242,31,111.69,0,0,0,0,0,0,1,0,0,0,1,0
113.27,3059,2,107.59,0,0,0,0,0,0,0,1,0,0,0,1
112.8,3162,2,105,0,0,0,0,0,1,0,0,0,0,0,1
114.34,337,1,109.57,0,0,1,0,0,0,0,0,0,0,0,1
109.87,1908,40,106.81,0,0,0,0,1,0,0,0,0,0,0,0
107.73,3345.52,26,101.32,0,0,1,0,0,0,0,0,0,0,1,0
106.34,3405,44,98,1,0,0,0,0,0,0,0,0,0,1,0
113.27,3325,28,107.45,0,0,0,0,0,0,1,0,0,0,0,1
106.71,2941,22,99.4,0,1,0,0,0,0,0,0,0,0,0,1
54.7,2978.64,44,81.52,0,0,1,0,0,0,0,0,0,0,1,0
104.61,3370,15,93.76,0,1,0,0,0,0,0,0,0,1,0,0
117.33,2989,31,113.12,0,0,0,0,0,0,1,0,0,1,0,0
112.93,3291,51,106.41,0,0,0,0,0,1,0,0,0,0,0,1
80.44,3165.26,48,91.08,0,0,1,0,0,0,0,0,0,1,0,0
112.65,2118,13,108,0,0,0,0,0,0,0,1,0,0,0,0
109.86,2740.75,28,100.14,0,0,0,0,0,0,0,0,0,0,0,1
110.51,1845.26,39,105.19,0,0,0,0,1,0,0,0,0,0,0,0
114.64,2040,27,112.88,0,0,0,0,0,0,0,0,1,0,0,0
79.53,3424.21,27,94.64,0,0,1,0,0,0,0,0,0,0,1,0
112.7,3372,19,106.84,0,0,0,0,0,1,0,0,0,0,0,1
111.63,1641,19,105.76,1,0,0,0,0,0,0,0,0,0,0,0
109.46,2688,5,100.57,0,0,0,0,1,0,0,0,0,0,0,1
105.63,2798,43,97.39,0,0,0,1,0,0,0,0,0,0,0,1
99.44,2117,51,93.44,0,0,0,0,0,0,0,0,0,0,0,1
109.92,2962.35,29,102.11,0,0,0,0,0,0,0,0,0,0,1,0
113.54,1853,29,110.14,0,0,0,0,0,0,1,0,0,0,0,0
110.11,1697,21,105.25,0,1,0,0,0,0,0,0,0,0,0,0
108.68,2638,19,100.16,0,1,0,0,0,0,0,0,0,0,0,1
106.91,2909,45,92.79,0,0,0,0,0,0,0,0,0,1,0,0
107.7,2955,37,98.49,0,1,0,0,0,0,0,0,0,0,0,1
110.23,2874.55,30,102.33,0,1,0,0,0,0,0,0,0,0,1,0
105.03,2793,6,90.84,1,0,0,0,0,0,0,0,0,0,0,1
113.41,2161,28,111.91,0,0,0,0,0,0,0,1,0,0,0,0
111.83,966.21,32,107.19,0,0,1,0,0,0,0,0,0,0,0,0
111.55,3354,29,81.67,0,0,0,0,1,0,0,0,0,1,0,0
115.44,1913,37,110.12,0,0,0,0,0,1,0,0,0,0,0,0
108.23,2862,27,101.08,0,1,0,0,0,0,0,0,0,0,0,1
108.91,1573,41,102.48,0,0,0,1,0,0,0,0,0,0,0,0
111.7,1580,17,104.67,0,0,1,0,0,0,0,0,0,0,0,0
117.19,2291,52,111.02,0,0,0,0,0,1,0,0,0,0,0,1
107.86,2885.33,24,97.1,0,0,0,0,0,0,0,0,0,0,0,1
110.25,1695.6,14,105.28,0,1,0,0,0,0,0,0,0,0,0,0
100.88,3404.75,40,87.87,0,0,0,0,0,0,0,0,0,1,0,0
112.6,1910,11,109.53,0,0,0,0,0,1,0,0,0,0,0,0
109.65,1800,44,102.29,0,0,1,0,0,0,0,0,0,0,0,0
112.67,1633.68,26,105.71,0,0,0,0,0,0,0,0,0,0,0,0
110.25,1581.36,15,105.11,0,0,1,0,0,0,0,0,0,0,0,0
104.05,2619,4,101.06,0,1,0,0,0,0,0,0,0,0,1,0
113.27,1612,25,106.16,0,0,0,0,0,0,0,0,0,0,0,0
108.11,2754.55,7,101.02,0,0,0,1,0,0,0,0,0,0,0,1
109.92,1609,49,105.94,0,0,0,1,0,0,0,0,0,0,0,0
105.59,3199,44,96.18,1,0,0,0,0,0,0,0,0,0,0,1
42.89,2856,3,75.99,1,0,0,0,0,0,0,0,0,0,1,0
106.76,3158,4,99.11,1,0,0,0,0,0,0,0,0,0,0,1
115.43,2380,1,108.42,0,0,0,0,0,0,1,0,0,0,0,1
116.63,2952,32,110.38,0,0,0,0,0,1,0,0,0,1,0,0
110.97,1527,5,104.59,1,0,0,0,0,0,0,0,0,0,0,0
45.4,3161.38,40,85.26,0,0,1,0,0,0,0,0,0,0,1,0
52.22,3340,45,84.02,0,0,0,1,0,0,0,0,0,0,1,0
107.39,2780.34,34,101.19,0,0,1,0,0,0,0,0,0,0,0,1
113.58,3422,14,107.23,0,0,0,0,0,0,1,0,0,0,0,1
108.41,3279,37,100.26,0,1,0,0,0,0,0,0,0,1,0,0
113.17,1937,8,109.85,0,0,0,0,0,0,1,0,0,0,0,0
110.31,1651.15,22,105.76,0,0,0,0,0,0,0,0,0,0,0,0
107.8,3164,25,99.83,1,0,0,0,0,0,0,0,0,1,0,0
115.09,3180,15,109.68,0,0,0,0,0,0,0,0,1,0,0,1
113.5,2076,40,108.21,0,0,0,0,0,0,0,1,0,0,0,0
67.74,2896,48,85.45,0,1,0,0,0,0,0,0,0,0,0,1
109.24,2918.95,11,100.49,0,1,0,0,0,0,0,0,0,0,0,1
112.3,1893,2,108.6,0,0,0,0,0,1,0,0,0,0,0,0
105.38,3128,20,98.93,0,0,1,0,0,0,0,0,0,0,0,1
108.38,2895,38,98.97,0,1,0,0,0,0,0,0,0,0,0,1
104.63,3065.36,21,96.25,0,0,1,0,0,0,0,0,0,0,1,0
117.58,2196,52,111.7,0,0,0,0,0,1,0,0,0,0,1,0
114.24,2163,26,111.57,0,0,0,0,0,0,0,1,0,0,0,0
115.16,2763,2,107.68,0,0,0,0,0,0,1,0,0,0,1,0
68.3,3434.74,39,80.31,0,0,1,0,0,0,0,0,0,0,1,0
109.95,3202.91,43,106.12,0,0,0,0,1,0,0,0,0,0,0,1
105.73,3144,40,96.89,1,0,0,0,0,0,0,0,0,0,0,1
106.07,2345,1,97.68,0,1,0,0,0,0,0,0,0,0,0,1
105.03,2532.2,48,92.57,0,0,0,0,0,0,0,0,0,0,0,1
112.18,1827,30,110.84,0,0,0,0,0,0,0,0,1,0,0,0
112.5,1863,9,108.75,0,0,0,0,0,0,0,1,0,0,0,0
108.75,3327,24,73.22,0,0,0,0,1,0,0,0,0,0,0,1
104.41,3490.67,40,97.87,0,1,0,0,0,0,0,0,0,0,0,1
112.23,2934,3,105.81,0,0,0,0,0,1,0,0,0,0,0,1
106.26,3385,19,100.23,0,0,1,0,0,0,0,0,0,0,1,0
112.33,2122,44,108.55,0,0,0,0,0,0,1,0,0,0,0,0
107.57,3363,9,98.49,0,1,0,0,0,0,0,0,0,1,0,0
110.69,3078.11,28,100.06,0,0,0,0,0,0,0,0,0,1,0,0
111.36,1525,37,105.54,0,0,0,1,0,0,0,0,0,0,0,0
111.68,1590,27,106.44,1,0,0,0,0,0,0,0,0,0,0,0
106.84,1641,50,99.28,1,0,0,0,0,0,0,0,0,0,0,0
112.6,1599.27,44,104.9,0,0,0,0,0,0,0,0,0,0,0,0
109.05,1623.16,48,104.89,0,0,1,0,0,0,0,0,0,0,0,0
109.28,1587,39,104.06,0,1,0,0,0,0,0,0,0,0,0,0
46.89,3160,17,83.74,0,0,1,0,0,0,0,0,0,0,1,0
106.42,3102,11,93.31,1,0,0,0,0,0,0,0,0,0,0,1
70.44,3138,51,86.15,0,0,0,1,0,0,0,0,0,1,0,0
101.33,3195,43,91.33,0,0,0,0,0,0,0,0,0,1,0,0
114.47,3031,31,108.29,0,0,0,0,0,0,1,0,0,0,0,1
107.82,2807.37,46,98.7,0,0,1,0,0,0,0,0,0,0,0,1
60.88,2960,48,70.61,0,0,0,0,0,0,0,0,0,0,1,0
109.2,1749,17,104.07,0,1,0,0,0,0,0,0,0,0,0,0
113.39,2018,23,113.05,0,0,0,0,0,0,0,0,1,0,0,0
108.11,3386,19,97.85,1,0,0,0,0,0,0,0,0,1,0,0
112.8,2031,14,108.98,0,0,0,0,0,1,0,0,0,0,0,0
104.92,2982.11,6,96.95,0,0,1,0,0,0,0,0,0,0,0,1
111.44,1661,40,103.67,1,0,0,0,0,0,0,0,0,0,0,0
111.54,1993,2,108.73,0,0,0,0,0,0,0,1,0,0,0,0
119.88,182.26,52,114.94,0,0,0,0,0,0,0,1,0,0,0,0
113.58,3292,7,106.43,0,0,0,0,0,0,1,0,0,0,0,1
109.76,1623.16,37,105.34,0,0,1,0,0,0,0,0,0,0,0,1
110.98,1315,52,107.45,0,0,0,0,1,0,0,0,0,0,0,0
114.39,2086,36,110.22,0,0,0,0,0,0,0,1,0,0,0,0
111.76,1859,26,89.69,0,0,0,0,1,0,0,0,0,0,0,0
108.69,2934.74,34,90.96,1,0,0,0,0,0,0,0,0,1,0,0
113.54,3496,11,106.32,0,0,0,0,0,0,1,0,0,0,0,1
115.39,1858,35,110.57,0,0,0,0,0,0,0,1,0,0,0,0
62.89,2344.53,51,59.16,0,0,1,0,0,0,0,0,0,1,0,0
116.37,3251,33,111.01,0,0,0,0,0,1,0,0,0,1,0,0
118.16,3254,32,112.31,0,0,0,0,0,0,0,1,0,0,1,0
106.97,2795,39,100.39,0,1,0,0,0,0,0,0,0,0,0,1
105.45,3321,51,95.97,0,1,0,0,0,0,0,0,0,1,0,0
110.54,2408,32,102.03,0,1,0,0,0,0,0,0,0,1,0,0
103.7,3240,42,98.26,0,0,0,1,0,0,0,0,0,0,0,1
104.82,3031.03,44,95.18,0,0,1,0,0,0,0,0,0,0,0,1
107.35,3299,41,93.44,1,0,0,0,0,0,0,0,0,1,0,0
107.1,3060,9,97.85,0,0,0,1,0,0,0,0,0,1,0,0
50.27,3118.93,37,83.33,0,0,1,0,0,0,0,0,0,0,1,0
91.52,3402.86,4,91.85,0,0,0,1,0,0,0,0,0,1,0,0
110.74,1999,48,105.78,0,0,0,0,1,0,0,0,0,0,0,0
54,2899,7,67.29,0,0,0,0,1,0,0,0,0,0,1,0
112.88,1543,27,107.07,0,1,0,0,0,0,0,0,0,0,0,0
103.61,2798,18,98.21,0,1,0,0,0,0,0,0,0,0,0,1
113.62,1960,5,109.82,0,0,0,0,0,0,0,1,0,0,0,0
115.45,3293,32,111.25,0,0,0,0,0,0,1,0,0,0,1,0
106.55,2934.83,13,100.39,0,0,1,0,0,0,0,0,0,0,0,1
110.81,1877,25,82.1,0,0,0,0,1,0,0,0,0,0,0,0
107.51,3447.06,12,99.85,0,1,0,0,0,0,0,0,0,1,0,0
97.33,3438,47,91.88,1,0,0,0,0,0,0,0,0,0,1,0
114.1,3015,2,98.99,0,0,0,0,0,0,0,0,1,1,0,0
111.44,1697.59,27,106.37,0,0,1,0,0,0,0,0,0,0,0,0
114.24,3372,29,107.41,0,0,0,0,0,0,0,1,0,0,0,1
111.91,3441,12,106.8,0,0,0,0,0,1,0,0,0,0,0,1
114.34,2185,22,111.7,0,0,0,0,0,0,0,1,0,0,0,0
111.71,1494,35,104.9,0,0,0,0,0,0,0,0,0,0,0,0
109.47,2358,7,102.16,0,0,1,0,0,0,0,0,0,0,0,1
107.68,2846,51,96.76,1,0,0,0,0,0,0,0,0,0,0,1
107.4,3221,34,101.92,0,0,1,0,0,0,0,0,0,1,0,0
106.51,2774.48,4,100,0,0,1,0,0,0,0,0,0,0,0,1
108.21,2705.26,35,100.17,1,0,0,0,0,0,0,0,0,0,0,1
115.89,1838,35,111.06,0,0,0,0,0,1,0,0,0,0,0,0
111.72,1378,34,105.52,1,0,0,0,0,0,0,0,0,0,0,0
110.33,1493.79,40,105.85,0,0,1,0,0,0,0,0,0,0,0,0
113.54,1978,2,109.26,0,0,0,0,0,0,1,0,0,0,0,0
100.42,3368.89,26,80.31,0,0,0,0,0,0,0,0,0,0,1,0
110.63,1448.08,5,103.31,0,0,1,0,0,0,0,0,0,0,0,0
103.37,3353,43,93.22,0,0,0,1,0,0,0,0,0,1,0,0
115.6,3449,14,107.63,0,0,0,0,0,0,0,0,1,0,0,1
107.01,2720.77,29,101.35,0,1,0,0,0,0,0,0,0,0,0,1
98.83,3425,11,90.64,1,0,0,0,0,0,0,0,0,1,0,0
65.36,3163.26,40,85.13,0,1,0,0,0,0,0,0,0,0,1,0
103.31,2925,6,94.54,0,1,0,0,0,0,0,0,0,0,1,0
116.12,2168,18,110.78,0,0,0,0,0,0,1,0,0,0,0,1
108.02,2766,24,101.26,0,1,0,0,0,0,0,0,0,0,0,1
110.66,919,52,106.34,0,0,0,1,0,0,0,0,0,0,0,0
116.14,3432,48,107.78,0,0,0,0,0,0,0,1,0,0,0,1
47.24,3093,43,83.09,0,0,0,0,0,0,0,0,0,0,1,0
106.23,3278,12,95.2,1,0,0,0,0,0,0,0,0,0,0,1
111.87,2970,9,106.2,0,0,0,0,0,0,0,1,0,0,0,1
103.31,3268.93,14,96.58,0,0,1,0,0,0,0,0,0,1,0,0
112.29,3131,8,106.55,0,0,0,0,0,1,0,0,0,0,0,1
106.16,2964.83,25,96.83,0,0,1,0,0,0,0,0,0,0,0,1
113.01,3400,14,107.68,0,0,0,0,0,1,0,0,0,0,0,1
112.75,1665,23,106.25,0,1,0,0,0,0,0,0,0,0,0,0
102.81,2856,49,92.12,0,0,0,0,0,0,0,0,0,0,0,1
114.93,2925,33,108.36,0,0,0,0,0,1,0,0,0,0,0,1
106.93,3409,34,101.65,0,0,1,0,0,0,0,0,0,0,1,0
111.45,1969,6,107.82,0,0,0,0,0,0,0,1,0,0,0,0
108.89,1486.91,11,104.75,0,0,1,0,0,0,0,0,0,0,0,0
108.84,3234,27,82.03,0,0,0,0,1,0,0,0,0,0,0,1
112.31,1290,29,105.99,0,1,0,0,0,0,0,0,0,0,0,0
110.07,1508.14,9,104.32,0,0,0,1,0,0,0,0,0,0,0,0
112,1534,6,104.74,1,0,0,0,0,0,0,0,0,0,0,0
102.27,3141,36,99.18,0,0,0,1,0,0,0,0,0,0,0,1
109.51,1529.45,43,104.77,0,1,0,0,0,0,0,0,0,0,0,0
